date_day,day_name,daily_active_players,sessions,hours_played
2026-08-10,Monday,433,433,1711.9
2026-08-11,Tuesday,462,478,1851.4
2026-08-12,Wednesday,459,465,1864.3
2026-08-13,Thursday,467,481,1989.6
2026-08-14,Friday,477,487,1910.6
2026-08-15,Saturday,678,695,2780.3
2026-08-16,Sunday,680,711,2791.6
2026-08-17,Monday,478,493,1943.2
2026-08-18,Tuesday,458,467,1828.7
2026-08-19,Wednesday,455,470,1816.4
2026-08-20,Thursday,460,475,1851.9
2026-08-21,Friday,431,441,1822.4
2026-08-22,Saturday,639,660,2658.0
2026-08-23,Sunday,631,652,2569.5
2026-08-24,Monday,425,442,1839.0
2026-08-25,Tuesday,429,442,1832.2
2026-08-26,Wednesday,438,444,1815.9
2026-08-27,Thursday,685,704,2466.6
2026-08-28,Friday,521,535,1996.1
2026-08-29,Saturday,739,751,2992.8
2026-08-30,Sunday,719,743,2934.7
2026-08-31,Monday,450,472,1881.6
2026-09-01,Tuesday,453,473,2039.4
2026-09-02,Wednesday,460,464,1874.4
2026-09-03,Thursday,470,480,1869.1
2026-09-04,Friday,442,453,1817.7
2026-09-05,Saturday,663,675,2778.3
2026-09-06,Sunday,710,735,2885.2
2026-09-07,Monday,498,511,1979.1
2026-09-08,Tuesday,466,480,1936.3
2026-09-09,Wednesday,452,464,1881.1
2026-09-10,Thursday,246,254,670.4
