faction,class_name,bracket_min_level,level_bracket,characters
argent_concord,Druid,1,1-10,3
argent_concord,Druid,11,11-20,4
argent_concord,Druid,21,21-30,7
argent_concord,Druid,31,31-40,8
argent_concord,Druid,41,41-50,6
argent_concord,Druid,51,51-60,8
argent_concord,Druid,61,61-70,52
argent_concord,Hunter,1,1-10,5
argent_concord,Hunter,11,11-20,9
argent_concord,Hunter,21,21-30,4
argent_concord,Hunter,31,31-40,3
argent_concord,Hunter,41,41-50,15
argent_concord,Hunter,51,51-60,8
argent_concord,Hunter,61,61-70,63
argent_concord,Mage,1,1-10,3
argent_concord,Mage,11,11-20,4
argent_concord,Mage,21,21-30,6
argent_concord,Mage,31,31-40,3
argent_concord,Mage,41,41-50,6
argent_concord,Mage,51,51-60,8
argent_concord,Mage,61,61-70,43
argent_concord,Paladin,1,1-10,8
argent_concord,Paladin,11,11-20,3
argent_concord,Paladin,21,21-30,7
argent_concord,Paladin,31,31-40,8
argent_concord,Paladin,41,41-50,8
argent_concord,Paladin,51,51-60,6
argent_concord,Paladin,61,61-70,68
argent_concord,Priest,1,1-10,1
argent_concord,Priest,11,11-20,1
argent_concord,Priest,21,21-30,6
argent_concord,Priest,31,31-40,4
argent_concord,Priest,41,41-50,4
argent_concord,Priest,51,51-60,7
argent_concord,Priest,61,61-70,41
argent_concord,Rogue,1,1-10,2
argent_concord,Rogue,11,11-20,2
argent_concord,Rogue,21,21-30,4
argent_concord,Rogue,31,31-40,4
argent_concord,Rogue,41,41-50,9
argent_concord,Rogue,51,51-60,6
argent_concord,Rogue,61,61-70,25
argent_concord,Shaman,1,1-10,3
argent_concord,Shaman,11,11-20,2
argent_concord,Shaman,21,21-30,4
argent_concord,Shaman,31,31-40,2
argent_concord,Shaman,41,41-50,8
argent_concord,Shaman,51,51-60,14
argent_concord,Shaman,61,61-70,46
argent_concord,Warlock,1,1-10,6
argent_concord,Warlock,11,11-20,1
argent_concord,Warlock,21,21-30,6
argent_concord,Warlock,31,31-40,5
argent_concord,Warlock,41,41-50,11
argent_concord,Warlock,51,51-60,4
argent_concord,Warlock,61,61-70,41
argent_concord,Warrior,1,1-10,4
argent_concord,Warrior,11,11-20,2
argent_concord,Warrior,21,21-30,4
argent_concord,Warrior,31,31-40,8
argent_concord,Warrior,41,41-50,3
argent_concord,Warrior,51,51-60,9
argent_concord,Warrior,61,61-70,51
the_wildbound,Druid,1,1-10,3
the_wildbound,Druid,11,11-20,8
the_wildbound,Druid,21,21-30,9
the_wildbound,Druid,31,31-40,9
the_wildbound,Druid,41,41-50,11
the_wildbound,Druid,51,51-60,18
the_wildbound,Druid,61,61-70,70
the_wildbound,Hunter,1,1-10,5
the_wildbound,Hunter,11,11-20,5
the_wildbound,Hunter,21,21-30,9
the_wildbound,Hunter,31,31-40,18
the_wildbound,Hunter,41,41-50,11
the_wildbound,Hunter,51,51-60,23
the_wildbound,Hunter,61,61-70,70
the_wildbound,Mage,1,1-10,5
the_wildbound,Mage,11,11-20,4
the_wildbound,Mage,21,21-30,14
the_wildbound,Mage,31,31-40,6
the_wildbound,Mage,41,41-50,9
the_wildbound,Mage,51,51-60,13
the_wildbound,Mage,61,61-70,60
the_wildbound,Paladin,1,1-10,8
the_wildbound,Paladin,11,11-20,8
the_wildbound,Paladin,21,21-30,11
the_wildbound,Paladin,31,31-40,12
the_wildbound,Paladin,41,41-50,19
the_wildbound,Paladin,51,51-60,22
the_wildbound,Paladin,61,61-70,96
the_wildbound,Priest,1,1-10,1
the_wildbound,Priest,11,11-20,6
the_wildbound,Priest,21,21-30,5
the_wildbound,Priest,31,31-40,8
the_wildbound,Priest,41,41-50,8
the_wildbound,Priest,51,51-60,13
the_wildbound,Priest,61,61-70,68
the_wildbound,Rogue,1,1-10,2
the_wildbound,Rogue,11,11-20,4
the_wildbound,Rogue,21,21-30,5
the_wildbound,Rogue,31,31-40,7
the_wildbound,Rogue,41,41-50,6
the_wildbound,Rogue,51,51-60,11
the_wildbound,Rogue,61,61-70,34
the_wildbound,Shaman,1,1-10,7
the_wildbound,Shaman,11,11-20,4
the_wildbound,Shaman,21,21-30,2
the_wildbound,Shaman,31,31-40,10
the_wildbound,Shaman,41,41-50,15
the_wildbound,Shaman,51,51-60,11
the_wildbound,Shaman,61,61-70,65
the_wildbound,Warlock,1,1-10,3
the_wildbound,Warlock,11,11-20,5
the_wildbound,Warlock,21,21-30,4
the_wildbound,Warlock,31,31-40,10
the_wildbound,Warlock,41,41-50,10
the_wildbound,Warlock,51,51-60,13
the_wildbound,Warlock,61,61-70,56
the_wildbound,Warrior,1,1-10,7
the_wildbound,Warrior,11,11-20,4
the_wildbound,Warrior,21,21-30,3
the_wildbound,Warrior,31,31-40,11
the_wildbound,Warrior,41,41-50,8
the_wildbound,Warrior,51,51-60,9
the_wildbound,Warrior,61,61-70,69
