kill_date,creatures_killed,normal,elite,boss
2026-08-10,12237,11699,519,12
2026-08-11,20007,18767,1214,20
2026-08-12,19961,18119,1828,4
2026-08-13,20049,17636,2384,24
2026-08-14,21236,18114,3087,28
2026-08-15,24608,20788,3762,50
2026-08-16,27000,22248,4684,52
2026-08-17,23218,18324,4834,53
2026-08-18,19292,14827,4410,44
2026-08-19,18912,14008,4855,45
2026-08-20,18321,13843,4406,61
2026-08-21,18938,13813,5058,60
2026-08-22,23045,17442,5502,95
2026-08-23,25506,19215,6185,97
2026-08-24,21277,15088,6102,78
2026-08-25,19057,13569,5413,70
2026-08-26,18247,13035,5142,60
2026-08-27,23410,17422,5839,140
2026-08-28,21388,15754,5510,114
2026-08-29,26530,19758,6622,143
2026-08-30,29205,21741,7312,145
2026-08-31,24369,17511,6746,103
2026-09-01,20513,14859,5584,63
2026-09-02,20933,15076,5751,102
2026-09-03,19820,14217,5497,98
2026-09-04,19494,14061,5338,89
2026-09-05,25269,18660,6458,137
2026-09-06,30068,22408,7545,99
2026-09-07,24620,17798,6713,100
2026-09-08,20595,14708,5764,119
2026-09-09,19611,13777,5739,90
2026-09-10,14641,10566,4040,30
