death_date,players_killed,distinct_victims
2026-08-10,215,140
2026-08-11,378,207
2026-08-12,403,217
2026-08-13,391,220
2026-08-14,382,223
2026-08-15,447,268
2026-08-16,542,313
2026-08-17,399,226
2026-08-18,370,214
2026-08-19,369,225
2026-08-20,350,214
2026-08-21,351,196
2026-08-22,421,265
2026-08-23,520,283
2026-08-24,423,228
2026-08-25,342,201
2026-08-26,357,197
2026-08-27,357,219
2026-08-28,360,230
2026-08-29,510,307
2026-08-30,560,297
2026-08-31,419,246
2026-09-01,388,225
2026-09-02,443,236
2026-09-03,404,228
2026-09-04,381,226
2026-09-05,473,281
2026-09-06,589,333
2026-09-07,452,248
2026-09-08,433,233
2026-09-09,399,237
2026-09-10,320,205
