loot_date,common,uncommon,rare,epic,legendary,unknown
2026-08-10,2615,1333,201,1,0,1
2026-08-11,4468,2101,329,5,0,2
2026-08-12,4320,2159,361,1,0,5
2026-08-13,4333,2070,385,9,0,3
2026-08-14,4614,2198,433,25,0,0
2026-08-15,5431,2427,511,27,0,1
2026-08-16,5902,2717,564,34,0,4
2026-08-17,4935,2208,564,31,1,1
2026-08-18,4178,1839,503,36,1,3
2026-08-19,4039,1848,519,35,0,3
2026-08-20,3837,1781,465,46,1,2
2026-08-21,4103,1771,492,38,1,6
2026-08-22,4998,2162,504,67,0,3
2026-08-23,5507,2465,610,80,0,3
2026-08-24,4624,1909,564,64,1,8
2026-08-25,4073,1766,497,55,0,4
2026-08-26,3872,1614,509,61,2,1
2026-08-27,4974,2121,595,135,1,3
2026-08-28,4487,2022,555,118,1,3
2026-08-29,5663,2382,662,127,0,3
2026-08-30,6295,2655,708,154,2,9
2026-08-31,5241,2283,658,104,0,2
2026-09-01,4480,1947,541,81,0,5
2026-09-02,4470,1940,545,96,2,4
2026-09-03,4256,1776,517,99,0,2
2026-09-04,4090,1803,482,110,3,7
2026-09-05,5418,2292,622,126,0,5
2026-09-06,6468,2854,747,97,0,3
2026-09-07,5318,2255,651,98,1,5
2026-09-08,4361,1859,539,107,0,4
2026-09-09,4310,1893,524,78,1,6
2026-09-10,3262,1354,429,29,1,0
